,job_title,salary_min,salary_max,company_name,company_location,link
1,Desktop Support Analyst,"61,154","79,510",University of Victoria,"Victoria, BC",https://ca.indeed.com/rc/clk?jk=e9a2f97d9854d207&bb=wjjIjYIa-T0d5ELsoG867p05x01u0RzLgZUin_oEXvOYe03W7hCq88w9DMXmy5ap&xkcb=SoDA67M3H8oCKBwVXB0LbzkdCdPP&fccid=95737967a35b2629&vjs=3
2,Software Developer,"81,105","115,865",Reliable Controls,"Hybrid remote in Victoria, BC",https://ca.indeed.com/rc/clk?jk=fd718c76940a182d&bb=sN09nRfrlX9gz7iyvM-y77nje73-Osg0li22ieywNLvtCQsUf39LB_4Qmfz949Lo&xkcb=SoBO67M3H8oCKAQVXB0LbzkdCdPP&fccid=c63ffe612f9a074b&vjs=3
3,Artificial intelligence (AI) analyst,49,none,Cansight Technology Corporation,"Victoria, BC",https://ca.indeed.com/rc/clk?jk=a1fd0ebef37c5d3f&bb=sN09nRfrlX9-hv4-ENLj6yh2q77yGV15pYbb4ZlG-wtp5OVa_VoWkb6LbAZpz-Mu&xkcb=SoBn67M3H8oCKAQVXB0JbzkdCdPP&fccid=9c8bba1dae58a045&cmp=Cansight-Technology-Corporation&ti=Intelligence+Analyst&vjs=3
4,Full Stack Software Engineer,"80,000","110,000",Multivista,"Hybrid remote in Victoria, BC",https://ca.indeed.com/rc/clk?jk=b29a5427b2602f99&bb=sN09nRfrlX8MU8JVpcOMX0866MMDQpriK53DtMVKn935CFyeXIPNnw3xvFim6vo9&xkcb=SoBd67M3H8oCKAQVXB0PbzkdCdPP&fccid=04eee030f47e01ac&cmp=Multivista&ti=Full+Stack+Developer&vjs=3
5,Salesforce Development Engineer,click link to find,click link to find,Unisys,"Victoria, BC",https://ca.indeed.com/rc/clk?jk=ea563a2f8a6ad11c&bb=fyJRazf84ClQ8tSCocw2AJhIgn6P-SVuwQ3Hlsj4e8fB9KRGyrSMuIEpbzmNl899&xkcb=SoCW67M3H8oCKAwVXB0IbzkdCdPP&fccid=189b4377c880f7e5&vjs=3
6,IT Systems Administrator,"80,000","90,000",CUBE Global Storage,"Saanich, BC",https://ca.indeed.com/rc/clk?jk=4ab5c92c7608d2aa&bb=fyJRazf84Cl5Ocmi-zn4BFD25gbR2Q6QBMzGhR_Nfk-_8jD3VAjg3e7t--qV0aAV&xkcb=SoCs67M3H8oCKAwVXB0ObzkdCdPP&fccid=77566c6e174ae82d&cmp=CUBE-Global-Storage&ti=Systems+Administrator&vjs=3
7,Strategic Project Officer,"77,064","100,235",University of Victoria,"Hybrid remote in Victoria, BC",https://ca.indeed.com/rc/clk?jk=c6d5838286d178f1&bb=fyJRazf84CmZ-HA7rmBzvttXdSKhxs5FSZalIwZ82lrFCE4Q0X8Ufd-2dm6zCBgO&xkcb=SoCF67M3H8oCKAwVXB0MbzkdCdPP&fccid=95737967a35b2629&vjs=3
8,Senior Application Specialist - M365,"86,200","122,100",BC Pension Corporation,"Hybrid remote in Victoria, BC",https://ca.indeed.com/rc/clk?jk=7d0117034f70c2c1&bb=tN7aWCXgMCMVu2mj6GCucqBGLBWr1KcE0EmfWb9NmXhomAVDVJR3X7l75q1Nw7St&xkcb=SoBB67M3H8oCKDQVXB0PbzkdCdPP&fccid=e7b1be72b046a76c&vjs=3
9,UI/UX Designer (KnowerTech),"55,000","80,000",LoKnow,"Hybrid remote in Victoria, BC",https://ca.indeed.com/rc/clk?jk=3e9e469383a70ad5&bb=tN7aWCXgMCP23IYeP55VGzU_0WObJByQE5y_ifKIL9LPPWKVga3OneaqK3RkPAbi&xkcb=SoBo67M3H8oCKDQVXB0NbzkdCdPP&fccid=0ed6e0cc33246d84&cmp=LoKnow&ti=User+Interface+Designer&vjs=3
10,Senior Linux Administrator,49.01,none,Island Health,"Victoria, BC",https://ca.indeed.com/rc/clk?jk=235dc881ab72c02f&bb=tN7aWCXgMCNecOLbAg0a7GJL9e3Uheg_A1G3UfUjKhEMQxzAANutl9qv86oFULxQ&xkcb=SoA167M3H8oCKDQVXB0DbzkdCdPP&fccid=139e079044c36dab&vjs=3
11,Senior Full Stack Developer,"130,000","170,000",Journal Technologies,"Hybrid remote in Victoria, BC",https://ca.indeed.com/rc/clk?jk=12612f8877380f5c&bb=NxMhy0ViYd7PjcWUT-w1ZWLtQxHub6UrD1_O-apsPB-k67AlvkboC2IFE0PwPGV6&xkcb=SoCj67M3H8oCKDwVXB0KbzkdCdPP&fccid=f9fbdc223d06174a&vjs=3
12,Delivery Lead,"86,200","122,100",BC Pension Corporation,"Hybrid remote in Victoria, BC",https://ca.indeed.com/rc/clk?jk=e4735a35f5e606e1&bb=NxMhy0ViYd5oelndWzcTeicsN22m-B-Zpbdwi-4HB7fil2gJD4zY-VOTkrfS53Cz&xkcb=SoCK67M3H8oCKDwVXB0IbzkdCdPP&fccid=e7b1be72b046a76c&vjs=3
13,SharePoint Administrator,"81,080","101,349",BC Ferries,"Victoria, BC",https://ca.indeed.com/rc/clk?jk=211a70ab85df7b3f&bb=NxMhy0ViYd5WJWaXwl7jHuwm8UrMhuYMoxA36JkOZCq-08CLkJ0AdGEhc-OipWf8&xkcb=SoCw67M3H8oCKDwVXB0ObzkdCdPP&fccid=f041e48fe88e993f&vjs=3
14,"Specialist, VMWare and Datacenter Operations",44.31,63.69,Island Health,"Victoria, BC",https://ca.indeed.com/pagead/clk?mo=r&ad=-6NYlbfkN0BdhZh5tc8MRMJNR5Ga3YaHN_EkjYhlKZ_L1mFyvlxMhPN6SJPSQ1gGRTzGyT6IRf4HnjTY-_WulTNtZcWA4-QVpWhQnpJlq8P9D1sII9Ucb4XGBYrDdKBDFhYrRAu6A_DKMDkY4cj5AdxhfvP9FfhGrg4625U06Gj8Lmwx834gZ7UfouhdbVue0XxJT0IvPu0FENZHMwm1Ok-gaLSgEawmF2A-jXFPlG2CTAyrR7FjtoC4fGkVWDON0owdF1xA8pcpbBjI6AJpH3FXYpuH36nu9bRygE9A0D7t7MRNODrqoDT2pLCJG0RHpTeHE_SXgBTX0zz6XsVIzRBH9DsRySm-UO9K-z7bWWW58Gxyz2FEK-V0dzpfioY5Jf7xMoDRNi8zN0oytSIbB4UTHSsWyBeU1FRgAyPaDefkuS9_tzvWxHiD32jiZh3nRjdpUx6lFw2hnKyAkToIA7N56CsfYaPbAL3D1lFU6tpt9nu0NKa05rIzDoCsKY0QBdvKGBGY1Fp7AGWlib4waM0Fl03ajtMgCsIurnU9jvxKdH0v0DsXAAVV3dB3q6ywKcVF0EVQUZFO45icugIkZMdnxInjEkWrSQ3WcK57Opw74azep-yQqdcNgMJW0lFbYuI3Z9isHrU=&xkcb=SoCg6_M3H8oCKkQlUh0GbzkdCdPP&p=13&fvj=1&vjs=3
15,"Assistant Director, Digital Services","102,900","136,700",BC Pension Corporation,"Hybrid remote in Victoria, BC",https://ca.indeed.com/rc/clk?jk=d113ca8629a70699&bb=77in4kDD4AC-3A49WD_T2b9SpUHa2X6oZDJCTGy1F4P4ZLoubFzJ21SUDd8wjhft&xkcb=SoCZ67M3H8oCKCQVXB0LbzkdCdPP&fccid=e7b1be72b046a76c&vjs=3
16,IT Service Asset Administrator,"62,255.85","70,557.73",BC Pension Corporation,"Hybrid remote in Victoria, BC",https://ca.indeed.com/rc/clk?jk=5433237726923004&bb=GQNvVje14o-vuPVY5Vk4SlukisqMn_DzTqcLyzIU2MDKpr7AY7YgovPi1K6IGexnwrqmzhKuPD2pLsEPzROZKCTiEd4Ua5BJVicu20mpxGk%3D&xkcb=SoBz67M3H8oBngzRip0LbzkdCdPP&fccid=e7b1be72b046a76c&vjs=3
17,Software Programmer Applied Science,click link to find,click link to find,Precision MicroDynamics (PMDi),"Victoria, BC",https://ca.indeed.com/rc/clk?jk=34d26862f4885e24&bb=GQNvVje14o-vuPVY5Vk4Sg-4eht69iC9LWtWrvGB0yzYureIIFHi6fX4nrrfMJf312KGULoxxZclz2E2VMoRhOooTvD-znV5U0DHaVb7FVk%3D&xkcb=SoDH67M3H8oBngzRip0KbzkdCdPP&fccid=56b377d3a1cfd497&vjs=3
18,Senior Full Stack Web Developer,40,50,Ecofish Research,"Victoria, BC",https://ca.indeed.com/rc/clk?jk=0162cef56edee79a&bb=GQNvVje14o-vuPVY5Vk4SqZyTUANhwJ3Bp7QD-y2ew21se4juuGuyP3Y5j-HV6xdxVYAfUrVEiSeHwn4-tWt2afhmK2ch8bqVCW47PMbFFk%3D&xkcb=SoBa67M3H8oBngzRip0JbzkdCdPP&fccid=55ff9293d40eff74&vjs=3
19,ISL 24R - Intermediate Technical Analyst - Closing date extended,"78,729.94","89,687.19",BC Public Service,"Victoria, BC",https://ca.indeed.com/rc/clk?jk=1c601ceca2176ac8&bb=GQNvVje14o-vuPVY5Vk4SkiWBBkPxq5nteMWkm12dlfLhZ5s4Ko3nl3uyJFaKxemVGWab1MWXBJsDoO0whzsZet4xqW-j5dZHnnkMF0O4JQ%3D&xkcb=SoDu67M3H8oBngzRip0IbzkdCdPP&fccid=65dd05622a756445&vjs=3
20,Software Engineer,click link to find,click link to find,Blastworks,"Victoria, BC",https://ca.indeed.com/rc/clk?jk=dcc7960fd9b510bd&bb=GQNvVje14o-vuPVY5Vk4Sr-QQiq0PgnlVQiwvsSBjKkkq8dtvOqRc1JkesX1ktwEqzPCKQMsP-WpnZA1dg9JMfgMHd3g3c43UbuTrFXCRK8%3D&xkcb=SoBg67M3H8oBngzRip0PbzkdCdPP&fccid=1065ffb4f3a2f402&vjs=3
21,Technical Support Analyst at Acturis Canada,"52,500","54,500",Acturis,"Hybrid remote in Victoria, BC",https://ca.indeed.com/rc/clk?jk=8d5dd1f7b1adada4&bb=GQNvVje14o-vuPVY5Vk4Sv2QvFzr2slYuuTMdzzeHi-yv9B6LNeCE40ciipw60zbLb7zjY8qEo9SYhi2XmPdcemIcD0xubrCm1o6g_3XDpg%3D&xkcb=SoDU67M3H8oBngzRip0ObzkdCdPP&fccid=7a16ace240110619&vjs=3
22,Senior Full Stack Developer,click link to find,click link to find,Animikii,"Remote in Victoria, BC",https://ca.indeed.com/rc/clk?jk=a8f0a715866b2a3b&bb=GQNvVje14o-vuPVY5Vk4SgTXOhYkTPX3cl_a92TjJePvljSIEjLJIKbrIJBv9goV-N3Qyeoelt4_ZnNwQtYh-CRhqDkV7mdVk4WI0Ve6kqE%3D&xkcb=SoBJ67M3H8oBngzRip0NbzkdCdPP&fccid=fb5f68ee5a785ae1&cmp=Animikii-Inc.&ti=Full+Stack+Developer&vjs=3
23,System Simulation Engineer,"116,500","174,660",INTEL,"Victoria, BC",https://ca.indeed.com/rc/clk?jk=8987a5c381505229&bb=GQNvVje14o-vuPVY5Vk4Sk2S_aEalZHos76vNmKNzdCHPuitmVlfWGbG_kQvOQNtpYoswAdkfXDjhI02T9Qz6k4l4uZ2Rumde3fOFdDoqxk%3D&xkcb=SoD967M3H8oBngzRip0MbzkdCdPP&fccid=936367796261bd6e&vjs=3
24,Mobile Developer : Swift,click link to find,click link to find,OneNet Marketing,"Remote in Victoria, BC",https://ca.indeed.com/rc/clk?jk=dc380a16e560aac5&bb=GQNvVje14o-vuPVY5Vk4Sg-4eht69iC9Hl6I_L4Fv2JLbZlaJOdJUQuL5m1ZjVGR_DGOdlhMKD1IW8ANKcWDyDnk1gR79aDmRxtIpLwI0Cw%3D&xkcb=SoAU67M3H8oBngzRip0DbzkdCdPP&fccid=916f04a55fb5fb94&vjs=3
25,Jr Wildlife Rehabilitator - 315 - Wild Arc,19.11,none,BCSPCA,"Victoria, BC",https://ca.indeed.com/rc/clk?jk=2e2541547ea92aa7&bb=GQNvVje14o-vuPVY5Vk4SqPPTlCEROaUAzKIQAD4eZrT5W1pC78quk9v-ceHPqcnvh_eiNyrK7s488WLcKV6xLZMo9OugsjhppCXqZKrBCk%3D&xkcb=SoCg67M3H8oBngzRip0CbzkdCdPP&fccid=8bc79ee5fda6153c&vjs=3
26,Senior Systems Administrator,"80,673","104,939",University of Victoria,"Victoria, BC",https://ca.indeed.com/rc/clk?jk=08a2b29567da1031&bb=GQNvVje14o-vuPVY5Vk4SrFEyKUbfTB7aOH7r58TxsNMqkF0zjueVr2ULbiSx4FfK2QVrEkRPGlVi4fLKGGTcD5MKFL1gcyzXkVffyVxjmw%3D&xkcb=SoA967M3H8oBngzRip0BbzkdCdPP&fccid=95737967a35b2629&vjs=3
27,Software Development Manager,click link to find,click link to find,Blastworks,"Victoria, BC",https://ca.indeed.com/rc/clk?jk=a3a459eaa3b38e61&bb=GQNvVje14o-vuPVY5Vk4Sr-QQiq0Pgnlf0Z6eeDX7MyN8g5npzDtPHIvIG_eXPW79M1ZxWn6cExEKX8flm2dDKcil8d6Q3yoVHtiVzIaw7w%3D&xkcb=SoCJ67M3H8oBngzRip0AbzkdCdPP&fccid=1065ffb4f3a2f402&vjs=3
28,Business Solutions Analyst III,click link to find,click link to find,British Columbia Investment Management Corporation...,"Victoria, BC",https://ca.indeed.com/rc/clk?jk=3218fb87de0a4f6f&bb=GQNvVje14o-vuPVY5Vk4SqtNZe7dwzrgMKYr23KFNWy3PaI0n_eIb-jYr7T06FApYPN-_KgU83UKBiL_fKhy-avqi1_ysILnol2IHfRj3qs%3D&xkcb=SoAH67M3H8oBngzRip0HbzkdCdPP&fccid=b6c48b02cbfe9184&vjs=3
29,Bilingual Citrix/Netscaler Administrator (French/English),"85,000","90,000",Compugen Inc,Canada,https://ca.indeed.com/pagead/clk?mo=r&ad=-6NYlbfkN0DR4GiK6CUKhkGG-NaBlbw_pIURb9Jhix8hN__aZXgF68yK75Ij4T_e_BrNeMX-crQtgeScmotBHfAAKPFqArVwVVL6yTo3s97buBSDvhpuq7OILIb9DJUKJUX6CWdZ4cBEVcADh2jWxW9Tv_ThwDZEdJrVtIFnMTucQcva5APY3UvSB-xxT7_XGeCXW4PtFuTN4rU5_1VPUwqxWOdlEAjY7ub8yBFVV4ghuYtmjxy10gMIE9irdZESodeBGudxxLhbIlVvR21OZdrSpcLjSpfYN1iJk56GMpDW_bqdTqvGBm_A212UESOZ36r_iwrcRndccs41Gqox0Cv4PC6qkvH1_IoGTfMgGAj61U5BKRdMgt77g2OxLj-EXqiLFa4qHgxIRtOQf0IMvINJdmW4T8t-_NhYrECERfkpbukpdVr3rP4N3Uz5PMMLddMHkwsCqh91fSaXISn8sojw30Hc71i6nwTel-dZj2wSGTXO8kdz3BFmh3bYzGMpzjk5VX3YV77axMf1FR_lDF88EXcwSSPj-Fc2hnExSFZHkFEI5X5-8I-oIUVpy4IgJ-OPU2aoMya-toaPKJMK9EjrQpuvl3KcKm_TzkkOSJuD0VgxNdOmjs1AaENFNhNoBiG3Xm3AKpsCWazRbQMz8NRBg_R9ElKedxrTi8Luokb2TOblVEyfRPRiZKBjCf1kpICLLN0M79o=&xkcb=SoBH6_M3H8oBngzRip0GbzkdCdPP&p=13&fvj=0&vjs=3
30,Senior - Staff iOS Engineer,"100,000","200,000",Recruiting From Scratch,"Remote in Victoria, BC",https://ca.indeed.com/rc/clk?jk=e503dfcb874231ec&bb=GQNvVje14o-vuPVY5Vk4Ssw-kaHljkRa14JyU3fUQj5t811dRAB4o24Y0FXi-7tSd0IQj9A5U8A0a5zccKD0KFombgI3BY0TyEpBaYsEVRg%3D&xkcb=SoAu67M3H8oBngzRip0FbzkdCdPP&fccid=09e02654c2f26bbd&vjs=3
31,IT Test Automation Lead,"81,080","101,349",BC Ferries,"Victoria, BC",https://ca.indeed.com/rc/clk?jk=a1b748e8b484fddc&bb=T9A-CdQI6oMYotXZKWEzOdufy2gVnP-H7zlX28aGdsHhui-CiRZMBJFMo4VE1ecc&xkcb=SoBQ67M3H8oBSs2fxp0LbzkdCdPP&fccid=f041e48fe88e993f&vjs=3
32,Junior Recipe & Product Developer,click link to find,click link to find,Epicure,"Hybrid remote in North Saanich, BC",https://ca.indeed.com/rc/clk?jk=8a9715abd760ea48&bb=dCbocbITNhn8BiQ1U7SPphpfBFHd-cVazrQxM4MWh2l7zXG04M1DQhl0_U5skQJS&xkcb=SoAJ67M3H8oBSvWfxp0LbzkdCdPP&fccid=b41fc63dd6816680&vjs=3
33,Job Description,click link to find,click link to find,City of Colwood,"Colwood, BC",https://ca.indeed.com/rc/clk?jk=911983c402ebd930&bb=dCbocbITNhmuFPQFC28pQSY7DOpoRESIPbkDf1pitaG6Wb8eLPFFajZJKmcv5J9C&xkcb=SoAg67M3H8oBSvWfxp0JbzkdCdPP&fccid=6a15564ddd22a3f5&vjs=3
34,Android Developer : Java,click link to find,click link to find,OneNet Marketing,"Remote in Victoria, BC",https://ca.indeed.com/rc/clk?jk=9e93cf7c5945043c&bb=dCbocbITNhnapvKN2LGXH5JzmYyy5JOF-Nx8B33hXH_utcvWqUUamecJfqzyLZhm&xkcb=SoCu67M3H8oBSvWfxp0ObzkdCdPP&fccid=916f04a55fb5fb94&vjs=3
35,Job Posting,click link to find,click link to find,City of Colwood,"Colwood, BC",https://ca.indeed.com/rc/clk?jk=aa54b296119e0885&bb=dCbocbITNhlAB_cimCGwCgmSiKfCHnrcZjxhfjprmnzLMwnOxHVYPUfIQZ6E1AZf&xkcb=SoCH67M3H8oBSvWfxp0MbzkdCdPP&fccid=6a15564ddd22a3f5&vjs=3
36,Senior Project Manager,"95,400","143,200",PBC Solutions,"Hybrid remote in Victoria, BC",https://ca.indeed.com/rc/clk?jk=72977c6eaa399e8f&bb=RIuvvpgOiXCn7RBNNVXhkGhqJuMBJIEIqkqu9hgyRByV9p4kHkZtKv7yIJ3baUzM&xkcb=SoD467M3H8oBSv2fxp0KbzkdCdPP&fccid=bfb5eefe4de84495&vjs=3
37,Enterprise Architect,click link to find,click link to find,British Columbia Investment Management Corporation...,"Victoria, BC",https://ca.indeed.com/rc/clk?jk=42a732476d1bd63f&bb=RIuvvpgOiXBp9JRXtVWeRMuMTdR4rEi3MnAftz_JgjtHoFThgdoFapBkokAfXjG4&xkcb=SoDR67M3H8oBSv2fxp0IbzkdCdPP&fccid=b6c48b02cbfe9184&vjs=3
38,Senior Advanced Research Computing Systems Administrator,"88,631","115,304",University of Victoria,"Hybrid remote in Victoria, BC",https://ca.indeed.com/rc/clk?jk=d799ad423460fadd&bb=RIuvvpgOiXBVpriG6BUlN7qkOdCuTbNszTLJFRg370EYGkh7dubjjqpq5QYyPckf&xkcb=SoDr67M3H8oBSv2fxp0ObzkdCdPP&fccid=95737967a35b2629&vjs=3
39,Lead Product Manager,click link to find,click link to find,Launch Potato,"Remote in Victoria, BC",https://ca.indeed.com/rc/clk?jk=eaa8e9789f0148b2&bb=SeSYOUVg_zAMYrdY6vfZWK2TBhmomTYzZAfSBM6ShABFjJvpbO7Tv7gA0umv98Uh&xkcb=SoDr67M3H8oBSuWfxp0JbzkdCdPP&fccid=dac5dfa9f05470c2&vjs=3
40,Manufacturing Automation Engineer,"85,000","106,000",Redlen Technologies Inc.,"Saanichton, BC",https://ca.indeed.com/rc/clk?jk=3626c15290ec6572&bb=SeSYOUVg_zAgNRJh-HgVDQV7hGP1RQ5I3YlebCJj4rDeYvRbqiOi-XeI2K9X-5Dj&xkcb=SoD467M3H8oBSuWfxp0NbzkdCdPP&fccid=0bc2db0193877842&vjs=3
41,Intermediate Distribution Designer,"60,000","80,000",Primary,"Victoria, BC",https://ca.indeed.com/rc/clk?jk=1e5cd09f7d0ea01a&bb=SeSYOUVg_zAlJ1amcDLECgP1zNZwMHrHa_vfQjWh4u10gnPjtRDkNKJt71I3Wfe0&xkcb=SoCl67M3H8oBSuWfxp0DbzkdCdPP&fccid=b304ffe41ad3ab92&vjs=3
42,Library Learning Commons Technician - C2324/166,28.65,none,School District #63 (Saanich),"Sidney, BC",https://ca.indeed.com/rc/clk?jk=72ec98c679e12430&bb=qu9jiP6xdN_BL4RR2m2OU6C8imQi0tWwABDzWoPculrGeg59We005KfTxKcQqfOn&xkcb=SoAz67M3H8oBSu2fxp0KbzkdCdPP&fccid=16c7af166445770e&vjs=3
43,"Specialist, VMWare and Datacenter Operations",44.31,63.69,Island Health,"Victoria, BC",https://ca.indeed.com/pagead/clk?mo=r&ad=-6NYlbfkN0BdhZh5tc8MRMJNR5Ga3YaHN_EkjYhlKZ_L1mFyvlxMhPN6SJPSQ1gGRTzGyT6IRf4HnjTY-_WulTNtZcWA4-QVpWhQnpJlq8P9D1sII9Ucb4XGBYrDdKBDFhYrRAu6A_DKMDkY4cj5AdxhfvP9FfhGrg4625U06Gj8Lmwx834gZ7UfouhdbVuewJxKOQVyKOWYFxfsLdixu__QFBRhJpyd9ardxW6JEg6T__3QshzVlQB_nY6lq8RYX9lcF0vROm5OEWP0txICPOdTy881bwc6b9myPJmOz7efqppAD8kfMf9QBFlxAVKI7wSQqex15PZpjRUm33GbwxSz1eG93Bi54P5J9SCxE6YpNMQ_sIhzsQohg50WntVq84-bCjbjrKAeBLOAyAepwPCCLMi2aU6m3I1kNRS-UnSyLOFJlJabUmSJJdDhpJJAKRZLAQ7_6Lg5CWu442n_aRXJepRsfCK3EeGccJfK8rm-SKCTgJPYcu-uPv25XOTLQ5r1a5nRByVSRGahSvOkckzt2cMBNP3Ad6Uz22966oRma_owAdbx4fZo8BbbirQvIcisN7TtbHZsFQkgo9ltrGXAXHHoRbQAMx6h2ywvpe-6nCVpCXCITJJSrhFaja5ZwG4It6IRREo=&xkcb=SoCQ6_M3H8oBVNQ4h50HbzkdCdPP&p=12&fvj=1&vjs=3
44,Financial Data Analyst - Remote/Hybrid,"60,000","80,000",On Side Restoration,Hybrid remote in British Columbia,https://ca.indeed.com/pagead/clk?mo=r&ad=-6NYlbfkN0CLm-PabDF8h_gOI9D2bcwzII_Z1y2uGgFJLZ_-DymtSLzeRjpNqCPMb9uTKNhZZQoXyWuEPPA7rw8pJ-ZiGbwQS20bCXmb_9rPFNCu_xhTbZVOa46FGC6XI-unWfS7Uig-ZkNM088CV9ABOnWet9u-3Cs71UUmAF-dHt1mHqFNU0evbMd8gZnIWWu44raqLIQjk97WCv3b-T5BblQole88EQ7oNxcgpCu1rqOab-Hap2_BD65rrSXI6DWGga69q7m5unHCl1eFq8HRB1uR18GN50VzJ9iNLVfa_cQzVgUnBcMUbIApArKfQovQ_79H9Y7aT-CwN24tcP4c70OWzego2ddg5QvtX8LgR7ezeWWsCZ2TAvRMa_UXbPBlCEm2AeudRFn4PVYgXskttdiB-t3JuCMqFINSAD6dzJ2VuJf599pgGJe4NTmwmBat6wJLzS4pJFoZKCm-kKbtvPQWTkbs2OlfPBxqQMOvj0LBF-eBkooKlVN7WoGga2ya1WnD_5raI8PjoWdMIng0KMm_ymVfGw_DuIXsYgTrmIOKdgx8MQwBQgLV8HLzyARuHpMthAi5sHYhB3qA-85QHY1Pl4EIo7FIIbQxFwGviXZhKvwA12aagl60ZbBXF3EqR6WEpWsonzjV3AfwMg==&xkcb=SoAk6_M3H8oBVNQ4h50GbzkdCdPP&p=13&fvj=1&vjs=3
45,Library Learning Commons Technician - C2324/166,28.65,none,Saanich Schools (School District #63),"North Saanich, BC",https://ca.indeed.com/rc/clk?jk=0953c4a8cce71817&bb=Nh9SIKk1cH396eGiVlaHlr4C83Uhvkzwo74Xb9_dWr6I6ny9mk_sw6eXDugnkbID&xkcb=SoAx67M3H8oBSpWfxp0LbzkdCdPP&fccid=16c7af166445770e&cmp=School-District-63&ti=Library+Technician&vjs=3
46,Intermediate/Senior Biologist,"75,000","95,000",Archipelago Marine Research,"Esquimalt, BC",https://ca.indeed.com/rc/clk?jk=ffdc25c1b33998fb&bb=qmJWOoojPrbiLdHEWFLocvxv682lHwg3ijSBOW3V6djIav5rxVX3fqWdsYKHiLGD&xkcb=SoCq67M3H8oBPrTejJ0LbzkdCdPP&fccid=760c0f0d0ffbef4a&cmp=Archipelago-Marine-Research&ti=Senior+Biologist&vjs=3
47,Senior Software Developer,click link to find,click link to find,SECURITAS TECHNOLOGY CANADA CORPORATION,"Victoria, BC",https://ca.indeed.com/rc/clk?jk=6ad1b74144602094&bb=qmJWOoojPrbE3gKN6BY3GvQiUz5w4iqHuh7hNn3kShd6JTeJr1qEbfum2mCfoUQd&xkcb=SoCD67M3H8oBPrTejJ0JbzkdCdPP&fccid=6735fdce837fb7bd&vjs=3
48,Physical Literacy Programmer,19.25,21.25,PACIFIC INSTITUTE FOR SPORT EDUCATION,"Victoria, BC",https://ca.indeed.com/rc/clk?jk=f3eb9e603f5fac72&bb=scgy2gylAFdm-dUTHbXONjMYhYsH9gd_ocQi1vwKoYe7NydHWt6nr-tF-ZEwGl-3&xkcb=SoBy67M3H8oBPrzejJ0IbzkdCdPP&fccid=6b71e68698b7a77c&cmp=PISE-%28Pacific-Institute-for-Sport-Excellence%29&ti=Programmer&vjs=3
49,"Senior Manager, Enterprise Security Advisory Services",58.05,83.45,Island Health,"Victoria, BC",https://ca.indeed.com/rc/clk?jk=f22c233870969fdb&bb=clpjHylSgfzJkneJniqnlHTyPqCBbtZezSPr8Z4NJEsoJ8E7CMK555Ahd8DkqQMb&xkcb=SoDV67M3H8oBPqTejJ0KbzkdCdPP&fccid=139e079044c36dab&vjs=3
50,Senior Technologist - Mechanical (Permanent),"75,696","109,339",Babcock International,"Victoria, BC",https://ca.indeed.com/rc/clk?jk=af28033f53c2504e&bb=clpjHylSgfzd-cddvhkJNdbStffPKNGcv9VrcG3Peiea0EEh7x7gBTougd0lVvYD&xkcb=SoD867M3H8oBPqTejJ0IbzkdCdPP&fccid=b97fe762142888a0&vjs=3
51,Staff Android Engineer,"100,000","200,000",Recruiting From Scratch,"Remote in Victoria, BC",https://ca.indeed.com/rc/clk?jk=54f34e0599a50975&bb=clpjHylSgfx09fLjhsjFPDno2Igo36SBieTkMWI4W1zNFv1hgg0XWVf3mAM5SIYZ&xkcb=SoDG67M3H8oBPqTejJ0ObzkdCdPP&fccid=09e02654c2f26bbd&vjs=3
52,Senior Product Manager,click link to find,click link to find,Launch Potato,"Remote in Victoria, BC",https://ca.indeed.com/rc/clk?jk=26a214b53e162bb3&bb=kE1B2_LP9CRPZ7JDL3MJOg1RUqDFqF8v_WhHxhv6Fp3hUQOuxZZ1Cw-Bz3-UFNLG&xkcb=SoCQ67M3H8oBPqzejJ0KbzkdCdPP&fccid=dac5dfa9f05470c2&vjs=3
53,Senior Staff Android Engineer,"185,000","275,000",Recruiting From Scratch,"Remote in Victoria, BC",https://ca.indeed.com/rc/clk?jk=dd7b12eee6fc0eb2&bb=kE1B2_LP9CQKU7SfNYw72YSn2m6QmbPG5Xmo5IKzFN29jZ3hH81Ad0Bv-EXzSlRO&xkcb=SoC567M3H8oBPqzejJ0IbzkdCdPP&fccid=09e02654c2f26bbd&vjs=3
54,"Staff Android Engineer, Public Company","100,000","200,000",Recruiting From Scratch,"Remote in Victoria, BC",https://ca.indeed.com/rc/clk?jk=a47f175a556feddc&bb=kE1B2_LP9CSxtg1AsPP08jwUcMB0dIemjR9lJGxY-2oNcBwFzRQ1DfW6GTC2JqNx&xkcb=SoCD67M3H8oBPqzejJ0ObzkdCdPP&fccid=09e02654c2f26bbd&vjs=3
55,Senior Android Engineer,"100,000","200,000",Recruiting From Scratch,"Remote in Victoria, BC",https://ca.indeed.com/rc/clk?jk=0b49ad58ad6f0cef&bb=1Oq_-fyTEq36PYxMxwLMEgehcnexTKHymqxfx1gYIRGlMlbZezm-eWl9VJC1GWUz&xkcb=SoD967M3H8oBPVTejJ0LbzkdCdPP&fccid=09e02654c2f26bbd&vjs=3
56,"Senior iOS Engineer, Dating App","100,000","200,000",Recruiting From Scratch,"Remote in Victoria, BC",https://ca.indeed.com/rc/clk?jk=975f667af1f318a7&bb=1Oq_-fyTEq3sqFHT7u0I_-E0_yByc5l7aJcNeSyolepSwfVEM_kdrkKZidvYzuuu&xkcb=SoBg67M3H8oBPVTejJ0IbzkdCdPP&fccid=09e02654c2f26bbd&vjs=3
57,Senior Vegetation Ecologist,click link to find,click link to find,Stantec,"Sidney, BC",https://ca.indeed.com/rc/clk?jk=5a31424ae120a947&bb=1Oq_-fyTEq3SY5RSf56YgA2bjAEOBMWz51NoBD3QOM2WhycoRXaMWwfqGOdcvTEG&xkcb=SoBa67M3H8oBPVTejJ0ObzkdCdPP&fccid=f1582c464db8553b&vjs=3
58,"Specialist, VMWare and Datacenter Operations",44.31,63.69,Island Health,"Victoria, BC",https://ca.indeed.com/pagead/clk?mo=r&ad=-6NYlbfkN0BdhZh5tc8MRMJNR5Ga3YaHN_EkjYhlKZ_L1mFyvlxMhPN6SJPSQ1gGRTzGyT6IRf4HnjTY-_WulTNtZcWA4-QVpWhQnpJlq8P9D1sII9Ucb4XGBYrDdKBDFhYrRAu6A_DKMDkY4cj5AdxhfvP9FfhGrg4625U06Gj8Lmwx834gZ7UfouhdbVuevMmN_gZ7XKine76lBa1p0ZnbhVoncSnHf4NqstHyajQeTCwfzc5dZILnC-gLiyOuL7pSgiMpOurnEqFQc0spjQnTtzHCiRgV1vlzGrnCXCP3SnJl5GjdWMO46vJIlVpNlNo0kdYvFPf_quPdnPiUTxaUvHzoMQuGEzhB1s5TLrmVFRbma7ly640wI52Cyvfn8FH77GmTJZuOgJDhYXqTVH97buFMX0BJXVBtQfLwrDZOoPleqldwb542kgiusjteY0HOqBO1rRg2PhMQBzUnXGyz4ryRg7OjVQ56MVa9nyEmYXiM_zQvo0k1Mv-v1uPPiKnP_0kZcD2KDA-fTx7QD2OpBvsCtXqyN8ZHmRrQYMBwANAxhn398-C0pxCeaKpTTdKndGW8BuRLJpzinumETHb3GDiklaqxwfomhOflZaoG1Aj5HK50rGZLZTu3pUWtJF-5hsMVX-w=&xkcb=SoBS6_M3H8oBOMQVaB0HbzkdCdPP&p=12&fvj=1&vjs=3
59,Senior Intelligent Transportation Systems Engineer,click link to find,click link to find,AECOM,"Hybrid remote in Victoria, BC",https://ca.indeed.com/rc/clk?jk=3ee32326a218188a&bb=1FYK_O-eLBoJGV5EA_hzIJFyM0hM4zLFexWiSDWQ4LAvQTXeoLeSP204TF2eo1tB&xkcb=SoC467M3H8oBPVzejJ0LbzkdCdPP&fccid=bafa4b35e9cd20ce&vjs=3
60,Intermediate Vegetation Ecologist,click link to find,click link to find,Stantec,"Remote in Sidney, BC",https://ca.indeed.com/rc/clk?jk=ed5ce742b6686c04&bb=1FYK_O-eLBpZDSPdaYbmAghvj_bZZt9msKTdL25DSGOcscSulod0bnvpUVTDnzq-&xkcb=SoCR67M3H8oBPVzejJ0JbzkdCdPP&fccid=f1582c464db8553b&vjs=3
61,Senior Software Developer,click link to find,click link to find,SECURITAS TECHNOLOGY CANADA CORPORATION,"Victoria, BC",https://ca.indeed.com/rc/clk?jk=6ad1b74144602094&bb=lYcMLc_lA06mO_E0bgvj-Kg_PFwyJ8ASHAtdufijnpsLshhKvwBn9ZHsUV7dMh-j&xkcb=SoCe67M3H8oA4MTeqx0LbzkdCdPP&fccid=6735fdce837fb7bd&vjs=3
62,Physical Literacy Programmer,19.25,21.25,PACIFIC INSTITUTE FOR SPORT EDUCATION,"Victoria, BC",https://ca.indeed.com/rc/clk?jk=f3eb9e603f5fac72&bb=yCZ3Aj299e3VKBzdtZku8_dvVLqQq8lMfAUSc61pHAaUIFVwtzfhCNd5Yk0aXI_T&xkcb=SoAD67M3H8oA4MTeqx0IbzkdCdPP&fccid=6b71e68698b7a77c&cmp=PISE-%28Pacific-Institute-for-Sport-Excellence%29&ti=Programmer&vjs=3
63,"Senior Manager, Enterprise Security Advisory Services",58.05,83.45,Island Health,"Victoria, BC",https://ca.indeed.com/rc/clk?jk=f22c233870969fdb&bb=yCZ3Aj299e1zQjkmktbphei3e5ixGqqISB6Xg8Fm-hB3rWUgrxKqLv3xy4ScmAKn&xkcb=SoDy67M3H8oA4Mzeqx0JbzkdCdPP&fccid=139e079044c36dab&vjs=3
64,Senior Technologist - Mechanical (Permanent),"75,696","109,339",Babcock International,"Victoria, BC",https://ca.indeed.com/rc/clk?jk=af28033f53c2504e&bb=yCZ3Aj299e2-BBopBIV6hNuPPucu53VGC5r_lbZgkEBfXxVaIi6LMBFF-SN_2Uvr&xkcb=SoDI67M3H8oA4Mzeqx0PbzkdCdPP&fccid=b97fe762142888a0&vjs=3
65,Staff Android Engineer,"100,000","200,000",Recruiting From Scratch,"Remote in Victoria, BC",https://ca.indeed.com/rc/clk?jk=54f34e0599a50975&bb=0DjZYt7lamYMcEYBc8xGJHin6RHXETtrWVjLxC3dBCXm1x0wajSBohDFUzVXTHlI&xkcb=SoA267M3H8oA4PTeqx0KbzkdCdPP&fccid=09e02654c2f26bbd&vjs=3
66,Senior Product Manager,click link to find,click link to find,Launch Potato,"Remote in Victoria, BC",https://ca.indeed.com/rc/clk?jk=26a214b53e162bb3&bb=0DjZYt7lamaTL7Yy4eNoZvrNHJaS2Q3zmJqybNfntniVAm_xEcpvRn73-_JLOn_X&xkcb=SoAf67M3H8oA4PTeqx0IbzkdCdPP&fccid=dac5dfa9f05470c2&vjs=3
67,Senior Staff Android Engineer,"185,000","275,000",Recruiting From Scratch,"Remote in Victoria, BC",https://ca.indeed.com/rc/clk?jk=dd7b12eee6fc0eb2&bb=0DjZYt7lamahK9o6_6Zue44BMCguLgWhKZ2y4aZjCm0buihXh1I6-twss29ZzuAs&xkcb=SoAl67M3H8oA4PTeqx0ObzkdCdPP&fccid=09e02654c2f26bbd&vjs=3
68,"Staff Android Engineer, Public Company","100,000","200,000",Recruiting From Scratch,"Remote in Victoria, BC",https://ca.indeed.com/rc/clk?jk=a47f175a556feddc&bb=CUD8HbVj-Ab6VWKHdc1PuYoKwgPXHjb2-mWqYriYWI9MBY0FCCtkA6E2P-RrKg9F&xkcb=SoBz67M3H8oA4Pzeqx0KbzkdCdPP&fccid=09e02654c2f26bbd&vjs=3
69,Senior Android Engineer,"100,000","200,000",Recruiting From Scratch,"Remote in Victoria, BC",https://ca.indeed.com/rc/clk?jk=0b49ad58ad6f0cef&bb=CUD8HbVj-AbNuwPUlmELvmuL6c68LOZjwNkwosHrOsbi3D8LlX48PMORfNKhr11t&xkcb=SoBg67M3H8oA4Pzeqx0ObzkdCdPP&fccid=09e02654c2f26bbd&vjs=3
70,"Senior iOS Engineer, Dating App","100,000","200,000",Recruiting From Scratch,"Remote in Victoria, BC",https://ca.indeed.com/rc/clk?jk=975f667af1f318a7&bb=CUD8HbVj-AbLUaHAxjM5ugvLjamazFoK36hAjj-CBf9CyV7FmdNKCd1fXCFrmOiT&xkcb=SoCg67M3H8oA4Pzeqx0DbzkdCdPP&fccid=09e02654c2f26bbd&vjs=3
71,"Specialist, VMWare and Datacenter Operations",44.31,63.69,Island Health,"Victoria, BC",https://ca.indeed.com/pagead/clk?mo=r&ad=-6NYlbfkN0BdhZh5tc8MRMJNR5Ga3YaHN_EkjYhlKZ_L1mFyvlxMhPN6SJPSQ1gGRTzGyT6IRf4HnjTY-_WulTNtZcWA4-QVpWhQnpJlq8P9D1sII9Ucb4XGBYrDdKBDFhYrRAu6A_DKMDkY4cj5AdxhfvP9FfhGrg4625U06Gj8Lmwx834gZ7UfouhdbVuesuVYEmSsoH2P5Ow69T4VEa0D7miNAAegKBk43JUQa8COF6ZBYjDnVR2BWr_SUrByhsZebyxTj6FTWOX2Jlf9mrIbv-KyxvgxrQ0XBRPYSK5BNy3jDl5Af81A2hTwBQCQsOvBc-0c672qD8xN9UmKn5tw2ICh6DsZakbOWBMj2INXgfDGwWHbTAB5G_I-TicrOmySWO-gaDpL-XK0cp3A_M6LtHr-N4AEuo16yp2XcsdU4cgNHfdVSOaqk55ZKLTCt7XgoqSmLpawj7qvXl7ZPOGZLOF9y66XnDWs1GB7GBYrjerOf1iO2Zt-dFCdTwkSvLAnFinm-7bbRRkR_hUa9lkPU5tPwGWxg7po0-9a-1AkQa24EnhPHrWG13ASkmFOejxo8F5Cll86rBmlBJGYrfeHkUyLGmD2CSYm-IlKqT0QIgyEaRiJRDFt-in5vJ-aJGZejW1s5jY=&xkcb=SoCq6_M3H8oA4xTRpZ0BbzkdCdPP&p=10&fvj=1&vjs=3
72,Senior Vegetation Ecologist,click link to find,click link to find,Stantec,"Sidney, BC",https://ca.indeed.com/rc/clk?jk=5a31424ae120a947&bb=ETu7SkgvLcttGTd6kH8RZLCGBAkQMdjFQpOPMis7xojioIMKBxep0X6pXHxEfotS&xkcb=SoBa67M3H8oA4OTeqx0PbzkdCdPP&fccid=f1582c464db8553b&vjs=3
73,Intermediate Vegetation Ecologist,click link to find,click link to find,Stantec,"Remote in Sidney, BC",https://ca.indeed.com/rc/clk?jk=ed5ce742b6686c04&bb=DFsu2n54EsvA713nIXAqRNj9XUlOZ0JryHTT_Ce6knrhbBW5AAP04fRPW0CywznR&xkcb=SoAl67M3H8oA4Ozeqx0JbzkdCdPP&fccid=f1582c464db8553b&vjs=3
74,Senior Intelligent Transportation Systems Engineer,click link to find,click link to find,AECOM,"Hybrid remote in Victoria, BC",https://ca.indeed.com/rc/clk?jk=3ee32326a218188a&bb=DFsu2n54EsvudJwj7TGu8pQslclzZAo8Uyfg_tF5AUNCx92a6I9KNxFhqUKKzP4z&xkcb=SoCC67M3H8oA4Ozeqx0MbzkdCdPP&fccid=bafa4b35e9cd20ce&vjs=3
75,Computer Programming - Subject Matter Expert (SME),click link to find,click link to find,Robertson College,Canada,https://ca.indeed.com/pagead/clk?mo=r&ad=-6NYlbfkN0DzT2yqHjS8Or9pJLUsrm0G06-HvAHLojbTPndEy-MIVxr9EajMB3u-Z0h7clyFx-iw96NuJ3ZKpJbNS6IoRi-YqVG2InNB_kLcA4rHJyzIhT1TCgoYgqSbR4L2wA-cHOTqGwfDVdU2avJqOzeV9JUYz2NCA2jAuUh10by3qjlpEmcMXxKP9DdWf0_MULqIPoR699pnrnY24qNRzlg3CV3LbdJZQrw3VmVjpVYv6tNsZQbRB3tNTAkMun0UiFDW70R92L84VMC4_GbaUzG7rsKln0mieZYK9NN_xaNsAY19X3k4IjGz-ux_uWYtHNamNEqyateTkV9gGL_rN2epxzQ-J4wnqttV2uIXMw4GETuU8k9PYhUYghQnOM5raqG2lwefFCPXkFg8vHctH9azvKQmhhie0jQUv-b2FRmtvhSBpyobMASHZ-BtbHcGnnRDCmRTmKDLruHCSDNdpTS6PCX0bTNFdraKdoLZkr796uyp1gnLK0zRURWhProH2rGIB_FAcQ5yjwosX5wIbn_q-b5dHhNgARR7n-jrOnWmf41R0oWILA02LHRyRcfR7-AfiZsinfFlDCjJsV-61EN_E4p2V2ATE-tsp_Rb8AsYsPXxaNS1O1Cmm0f91uO3zCpQgDZwT_EKjAtE8jj-FRgV0d91CV7kqRKIPEiX9Z2fwADb8QAOy99ukWy5r9D619M1LZO_lbeRxuMN2iQr92nObw_8&xkcb=SoC56_M3H8oA4xTRpZ0FbzkdCdPP&p=14&fvj=0&vjs=3