index,job_title,salary_min,salary_max,company_name,company_location,link
0,Microcomputer Support Specialist 2,"5,498","5,727",City of Burnaby,"Burnaby, BC",https://ca.indeed.com/rc/clk?jk=fc9adbf9d548b445&bb=yYtIfmysy8rDW3fnBoxxFNHER9r4uA6nFVMtxDvQ-TW7WXiivGdoRXssC7-dp2IX&xkcb=SoBr67M3H8zbgNWNtJ0KbzkdCdPP&fccid=76a2154a4730180d&vjs=3
1,Software Engineer (Fresh graduates),"80,000","130,000",Arista Networks,"Vancouver, BC",https://ca.indeed.com/rc/clk?jk=6ccc2ae40ffd088e&bb=h4oz0ke-oQxX_hc0XKjTGpCYQ2KJx_1TjzulUmsbdWJVOrdNzE7zJ3nMC3ek_IIe&xkcb=SoB467M3H8zbgNWNtJ0ObzkdCdPP&fccid=da9c8368867819c9&vjs=3
2,Predictive Modeler,"65,000","110,000",Sitewise Analytics,"Hybrid remote in Vancouver, BC",https://ca.indeed.com/pagead/clk?mo=r&ad=-6NYlbfkN0C2pP6k9OuB9dVVqjF_PdujusYNLdeVulQvAlytZ7WHPPvy0LJYvvUz6AJAly2PBSkMfuFYFckOckdtimYB3dM6bDyHVVQyAsH4dHEcX6uGhc6SnxDNLbjN3XbouhgphUjAYyi7rclMS1iojhHQrGaVE9jcVakQ72VZ_mzvYnX4fP7ldzdZrBkt1oLtQZyS4Q6BIcKL3rxCtUpk-41DoPjgEo8iHowppVKlIDm5uvFcccxNO5SlrQ9nmL3mUlrCHEc3bDiqAPrpEojQbloFlbwdeMAlpPTPN__ap2SBIPdzYvDtSFdlsJiD0YFT4q5tIvVBd43SWkKkBc22x1eoRvVGrmkbIzi10IQGJP4oVqkdLJz1qsmd860vq_Awn09wp_yZYKgjZyZw9dsek73vFcziHVFdDK71JIv5rw6NpZXE9Ysp_e7wob9Nd2T6mDkqNS4Y5pbjxOznOPHA3bLAh7-lakHuarh9dvMQ-3_XqnX6NM85d1PQpv_QlhVgIW-QY7DWRaB72nakxgEbIHZwqUxlGvjsBgmRtyGI8wGxPQ2LUsGrBQHeEfuq3t1SXqpmmy-siPqCVByMa9Q_NbiQBI88Y7YRcEUAbuFuEctybcB189GyD3WPaYgo&xkcb=SoAG6_M3H8zbg5wlUh0JbzkdCdPP&p=2&fvj=1&vjs=3
3,Software Engineer Graduate (Monetization Technology -Business Integrity)- 2024 Start (BS/MS),"144,000","208,000",TikTok,"Vancouver, BC",https://ca.indeed.com/rc/clk?jk=b55366fc419e311c&bb=h4oz0ke-oQy0StchOF05y8J_f_5lNO6SSjMQ3j-8ctx5hPHu9z8jjUIUTs9nydyA&xkcb=SoAH67M3H8zbgN2NtJ0IbzkdCdPP&fccid=caed318a9335aac0&vjs=3
4,Senior Software Developer (Computer Vision - R&D),"106,000","132,500",LMI Technologies,"Vancouver, BC",https://ca.indeed.com/pagead/clk?mo=r&ad=-6NYlbfkN0DVyFvn6KNrme0qWK4PNhlu3RlnHL78IF6EgpbnUMzpFdxkMWBhi9_h4NYK7DStx7XrRnnGmhyUXnpI4JfhefOWEjaGzFCUeeDJUknCWZdC80xJnvy_bXPvaWMoPRdPegjVlqBtMtBLNatRIYLiHdPynN5yQOUbffO9xRzoG9L-1qxLs-VmtfuzeL0xbmNpBLw4R4AtteX3wHI4b0FhERSuh9hqlFyeKUIKe7lYUSG4qx0yGgIHx5Fh3L_eVyWEWVaWM5iupgvGblKz9URlPlFdTUrs-mYszGfKElOCeTKJLAVnAO8Umw5sQJYtJiwoxiGtpFqDkS5a_BFTRAnVJP94pSgP03Evj7QFdYVCfxBSI52FSQfKnRVT1TepR8SEvkF2hIUhOglij6yG4fotv_rUIG7SdozhiBzLEFhFiIaEpcQjmOrQF1gdHTkeBOpRAunufXXMqQjsh4RUdC1KW-1AMvSAvTKsXDzkWEFFNu-DTHOQ-gyFOTooc9YMToZI7J0a2NoS9WeWn_WKmAk9ANhEZ_S6ObH4NeuEWICNg_jCdmjgFL0VIfMw0Axg3onRwRuzFOP-m8aRI4K9jmFthOIFQZiiIHcQChkZ2-PkMMMMQ_xegsulNOkkvZcw0zhe1PVil4VlIYDEbt4EUN8u_SOB-ZE7jlkIZagKoxLcw34C_OTHfaNh1p4_r33LsTF-ZigMT7_dynKWoioThcIgBV6r_-4VcVv8rMRgP8g6Lem4IH55crW6BNvZaR0iKMollccMd82lKGFRquY6KVcut5ny3PMIQb7HtTpIFbcwc6s_KFj5ZvQwHhddFGZfhboMcXIlYuw1gR-Ncs7GQ_wU92TyZ6wFnKeE-O9_SzSkJDPXSGN5W9h1obU-96QhfZgkMNxt7LGrT7fuMh7kgKRRwocQwzqMfBEsJSEld0CdoYf4iGgr9Dn3kFGJuYwZk9bg5M103-ZcT1v51d8GL_mFFB64zZ_EyTXXm4k93X0QHcqKmg==&xkcb=SoA86_M3H8zbg5wlUh0PbzkdCdPP&p=4&fvj=0&vjs=3
5,Continuing Track Faculty - Computer Science,"91,800","161,160",University Canada West,"Vancouver, BC",https://ca.indeed.com/pagead/clk?mo=r&ad=-6NYlbfkN0CQGWWGctp3T19O2azvV0lEdBcoiQYY5TrNmClVDeTrbXC03TL3hmqPP9adzexHl0M4CtJy111ClgocOt5dtQHHf35WHrAQAAdDRXn0OT8Dx3_5kVdhE_Cr3MGbF6L6UaVe3ULm0qZSyUug4Ld6kCVlI4xC0Lj-B3MkD2kB7Zi8jSXoy_tXN08lAeObQAe7kNctnS93nXLkKfKbOYN52a73Uf_S6XDReV4u4rfkFF4d8c4P2FUIKO1BTAkI-PhuuXDOM-qDCTISGKPAPp2bqpqXZnK-4NS5fQYC1oLdF_KblekqWnO_Wli3i7RlV2mMrbG9g-xAdPUh_FNvNLUpkXKmG9yJI-dm755OJlZAZEzIwL1NAWn88eKsR9kG9ryNI79VAtSZB4e346mi0t6GO8w0WBbw8dmw9lTi3WWq_PJeI1vL27k6xVJUsueY7TdmGvvLqi6Vc6ZPha0O1WyHENGDIpsPiTmZBLznXBeJmG5VCHnLNuoM2-5SWc2ypS0wMQU9iU5nznyF4Cnbwn60bk06X4KyO5EBYRYGkWp3xqocpnjmf9TDuPM_gNwilOmDOpEZLl2LQusCjWip5fTtiU0ANNbGsGV9autNXxNyNTFiGjV1CYBmGnIQ9xzlAym1w2nEZ7LWdG7KGX5wWNlv9gWQ&xkcb=SoCI6_M3H8zbg5wlUh0ObzkdCdPP&p=5&fvj=1&vjs=3
6,"Software Engineer, Front End, TikTok Trust and Safety(Canada)","92,160","210,960",TikTok,"Vancouver, BC",https://ca.indeed.com/rc/clk?jk=2183765d06b42172&bb=uFmpcMx10o4yr6OpQZjEElAiTW4fjvj7MwwkcgExEDQ4tAjtSoLQt1MtgbcJ68An&xkcb=SoDl67M3H8zbgM2NtJ0KbzkdCdPP&fccid=caed318a9335aac0&vjs=3
7,Software Developer I (Hybrid),"76,500","119,500",D-Wave Systems,"Hybrid remote in Burnaby, BC",https://ca.indeed.com/rc/clk?jk=51ebe70b04f84ef2&bb=evhgysw2gZxNox2XcRY4_78ot47Kgd85eh-AsTMdys5SmUpbsBXBJS7bCyTzbNBo&xkcb=SoC867M3H8zbgPWNtJ0KbzkdCdPP&fccid=2590d2b9de973e1e&vjs=3
8,High School Senior Mathematics and Computer Science Teacher,"51,000","87,000",Alexander Academy,"Vancouver, BC",https://ca.indeed.com/pagead/clk?mo=r&ad=-6NYlbfkN0DtgYdHtRYBYzvMg0fi6wWX_M7QERHYjNh4VYmbYzi5w5at78QyYvc6EVnTqt04WU_qHFXf1EsW3BVA_dArPp9jKh_rZxrQeQo3gfUkf2tDHftBy-8l60aes4YMFk5e96LnIu66Z0AjhJj8qog3DSw_hyr-vhfucAHyq94OJLXURVon7jRJf9pR3tSlx8iWT6QwBPyEHPTKjcUfOE6vOG1Xpnw6qB9zCJFf7_0Sru6x1cAnqEWJtBaD_wkMfdXii2MRloRGteB_UJIY-PYf6cA1GNTTV-1YeuI8mIDBJkBfkaQCHW29dWoa3J6O-Kf4CqzClVhoy7Mob6_8WjbQqmlET_8Kqk7tPXL45AEvuB9zVHlP4FBKrxWJCDIgZ32tHcse0r_ZKuB1GSDDMNkaFqsP2wITT9kSJPFytNmQrGfvyK9yM-7kjVMCw-JGbdNKNpJBNrHvvg41CiGf3Z9pxYVPCHpzMyDm7dd8OjBBMySa6xAVZlae2TWmeFX5E9G_3z9ikJwb_kh2eRxEh6Uc8d0NutXgMc7qxXB0e19Z-liUyh-8dNCAaRfp8HFut2FPCsHqUUmUVzkADGpsKKjBLXsj258Pca6GZZNjYAv3cnwqZOLWfL_tVxQMNTa7b1WqjG3wFYwKZxOO6ODxDVcsvsHj6iPEMsQC9s0wJqxKDF6GmtxRS01w3Dyy&xkcb=SoBI6_M3H8zbg5wlUh0DbzkdCdPP&p=8&fvj=1&vjs=3
9,Software Engineer,"93,700","153,900",Electronic Arts,"Vancouver, BC",https://ca.indeed.com/rc/clk?jk=eb5ddd8877bc65d9&bb=jckC-1UVdc9gfz-5FtQ1fpBGFR24-TZjkvNx-RKfrtENmOmTRzi3QiGMZov_V3l4&xkcb=SoBN67M3H8zbgP2NtJ0LbzkdCdPP&fccid=617d7f961cfcf54a&vjs=3
10,Software Engineer II,not given,not given,Mastercard,"Vancouver, BC",https://ca.indeed.com/rc/clk?jk=a2cc0a07624140e2&bb=jckC-1UVdc-br1lKXaW_Y3Oar7LziWTOuKTy350O7qlsadeTAg-6FkkMXYA6k86F&xkcb=SoBk67M3H8zbgP2NtJ0JbzkdCdPP&fccid=10b5c722d846df43&vjs=3
11,Jr. Engineer – Core Platform,"70,000",none,Rycor Solutions Inc.,"Vancouver, BC",https://ca.indeed.com/rc/clk?jk=f14c4cf10595a690&bb=jckC-1UVdc9N_chGUfNQgVSQRzkHhb9RmdOZsIwO0zidE0woC_H9-fk342wXyGth&xkcb=SoBe67M3H8zbgP2NtJ0PbzkdCdPP&fccid=b75a135f89cbc6ef&cmp=Rycor-Solutions-Inc.&ti=Platform+Engineer&vjs=3
12,Software Engineer - Tools & Framework,not given,not given,Apple,"Vancouver, BC",https://ca.indeed.com/rc/clk?jk=d87bc1227767d6e1&bb=bpzqmApEDIq8xfXeStYvePg89oDq2RaJJbgLI_KpzTvOl5-Szt2JNu1ar9c6FP15&xkcb=SoB367M3H8zbgOWNtJ0KbzkdCdPP&fccid=c1099851e9794854&vjs=3
13,Software Development Engineer Intern - 2024 (Canada),43.13,none,"Amazon Canada Fulfillment Services, ULC.","Vancouver, BC",https://ca.indeed.com/rc/clk?jk=c53863cf5448bcdd&bb=bpzqmApEDIq44e9Dvf0okgOLTP5LyIw7N2Wwdb8MN0c_miabfhojg3m_dyNYgOCC&xkcb=SoDQ67M3H8zbgOWNtJ0PbzkdCdPP&fccid=fe2d21eef233e94a&vjs=3
14,Technical Analyst (Applications),"87,926","114,912",Vancouver Airport Authority,"Vancouver, BC",https://ca.indeed.com/rc/clk?jk=5da4da5c80cd2328&bb=lfQZyF7pV1bR0i4zdLJKmuRg-B1CtZHOIyjgKnom39B-8GPD113Fb9Nfmy8rAPiq&xkcb=SoAy67M3H8zbgO2NtJ0KbzkdCdPP&fccid=b5de3c5c688e58c1&vjs=3
15,Software Development Engineer Intern - 2024 (Canada),43.13,none,"Amazon Canada Fulfillment Services, ULC.","Vancouver, BC",https://ca.indeed.com/rc/clk?jk=c53863cf5448bcdd&bb=QbRmDCjyLZdgAy_3TrwtqCMNLz6oz_SaMZ8APkciS8VCJy-9GNnb_Gu3K-si_dv_&xkcb=SoDC67M3H8zbZrWNph0LbzkdCdPP&fccid=fe2d21eef233e94a&vjs=3
16,Research Intern (Computer Vision/Natural Language Processing) - 2024 Summer (BS/MS/Ph.D),"87,360","108,168",TikTok,"Vancouver, BC",https://ca.indeed.com/rc/clk?jk=8e1ca21ad466e350&bb=QbRmDCjyLZdhG7wCaKSgS5i7Iob9TWReXGrADrpbe2DIIiCyC4Lvy9KeNtBI7YUd&xkcb=SoDr67M3H8zbZrWNph0JbzkdCdPP&fccid=caed318a9335aac0&vjs=3
17,Frontend Developer I (FME Flow),"75,800","88,000",Safe Software Inc.,"Hybrid remote in Surrey, BC",https://ca.indeed.com/rc/clk?jk=f83d54d478dad6af&bb=M9KVCDFfMHAGqE_eP9e9u31VGVjBkM2Vfu5zLlPJfKjTXAFjscFiBn8l8--8W1pk&xkcb=SoCU67M3H8zbZr2Nph0PbzkdCdPP&fccid=80158ed4a2c1103c&vjs=3
18,Software Developer (Entry Level),"80,000","95,000",Konrad,"Vancouver, BC",https://ca.indeed.com/rc/clk?jk=c7f9cf1105cf1734&bb=M9KVCDFfMHAjrsxqGTabkjvsm5pdsqjTGIwMlWnnbKpXhhGevDzH5VtfOS-ErCXF&xkcb=SoC967M3H8zbZr2Nph0NbzkdCdPP&fccid=0d0aa2b77d8a011b&vjs=3
19,Senior Technical Architect,not given,not given,TradeBeyond (CBX Software),"Vancouver, BC",https://ca.indeed.com/pagead/clk?mo=r&ad=-6NYlbfkN0ArNyk2sn6sEDn5Q_tuFBCCD7AJQMdx2ySJq0DxClspJCt6Kd_XBbOE4lvTnUHOl4CaLdA28eU88D5Rf2REOeheFbFuYwY6r0slnNzNGkw7MvhSKhch2aZSsmVysW_m-h2nskq6mBbZ4v7BZy0AqUOvekVI1OY56Okag0-BUinfSjXphIdduAUnsDDUcUqSQD4RvbMDXg48RdpHjoN4Rm7S8tXR-46y7aZHUx4ZdPbKK4p1FY6Q4LsM3OXZ-0H7Yl6ea59OOCuOd-_BvkwbqwUebeI8IBDDCirB8jxZO3AhMySJGibyq39B6FUQZpo-K6PosVDRnYSdb9iYVeGDoEt91hbip3Sc5czlmHheYzEKTnSQ6c2sS9uPPOrfOg3CmWN44Vjh9LrBm9zBzJ3Zzm1TWn53xTIJL831orOlKlH0eBGNynpdaD-91mkLHKgh_VKM5cOOhlixTzwPYCedNoCRAyHEZfKn9LAC3c0InEe6OglXOEJhAu_j4-Oo0cYTIBfYhZPwgdz2QtIxZBfr2S-xHIjAzA0A7wbsJhL-K95MRwar0CEjN4IUVgbrqaAQWKEp37HCJIkS7CnRXtANJmtZx01OJEm8Ljzrpy3A3dKHcKdhOomLWBNVXBXwOUyShhxLbecfLO837B07VWcVxsIy&xkcb=SoDm6_M3H8zbYaQ4h50PbzkdCdPP&p=4&fvj=1&vjs=3
20,Computer Science Course Coordinator,"4,826.17","6,933.92",University of British Columbia,"Vancouver, BC",https://ca.indeed.com/rc/clk?jk=85fc3a21581492aa&bb=T8jRIzUxyO58Cb0rxpe-5rOw_BUxlL1buNMPU4PrVIdubUua3X76LFyLXDLZ_oR8&xkcb=SoC967M3H8zbZqWNph0KbzkdCdPP&fccid=462e6068c17c7702&vjs=3
21,Software Engineer,50,53,Parallel 49 Realty,"Vancouver, BC",https://ca.indeed.com/rc/clk?jk=4775413cd6426959&bb=7EB30GhjOD1x1i0ZUYUEhBpti1EULnZl5R9zyZDZhj9FM47FFcltxkE0HK7xqvyq&xkcb=SoD467M3H8zbZq2Nph0KbzkdCdPP&fccid=b501285cc6df53f1&cmp=Parallel-49-Realty&ti=Software+Engineer&vjs=3
22,Desktop Support Analyst,"56,700",none,Central 1 Credit Union,"Vancouver, BC",https://ca.indeed.com/rc/clk?jk=931909ca08e57998&bb=7EB30GhjOD2unSFKN_O6GkVMxs3EYIDj7Q9Pd2n9pR2twbcj31dQHfEx7UxmMabc&xkcb=SoDR67M3H8zbZq2Nph0IbzkdCdPP&fccid=9579d885a2b359cc&vjs=3
23,DevOps Analyst,"78,000","89,000",LMI Technologies,"Hybrid remote in Vancouver, BC",https://ca.indeed.com/rc/clk?jk=c320d5e8fcaa888a&bb=fwjDofwC2AGr1MCv7Ydie5x0xHAA3QIJWovQxgQ2I3asvi6BMLyN743qJtmZV4bg&xkcb=SoAh67M3H8zbZVWNph0KbzkdCdPP&fccid=880b20a00eb8c968&vjs=3
24,Business Analyst,"80,000","110,000",Lordco Parts Ltd.,"Port Coquitlam, BC",https://ca.indeed.com/rc/clk?jk=2f6f2ca84400ae92&bb=fwjDofwC2AH5HYf5QvA7zmllVKTo9b4EeIwFFjyH8Z-Z4bmXRyucnaWN5eFz1YQJ&xkcb=SoAI67M3H8zbZVWNph0IbzkdCdPP&fccid=8d522ae1f1331f8b&vjs=3
25,Software Application Engineer,"98,400","147,600",Workday,"Vancouver, BC",https://ca.indeed.com/rc/clk?jk=504514fc94fd1f9f&bb=fwjDofwC2AH9hBno8q0CizI24himaaFk1JTTScWCCqwqyj3Y1cqQ2xWuVQ__Mv4f&xkcb=SoAy67M3H8zbZVWNph0ObzkdCdPP&fccid=9ac45d217f8342a1&vjs=3
26,Computer Network Technician,31.32,33.32,E-Fresh Food Ltd.,"Richmond, BC",https://ca.indeed.com/rc/clk?jk=9f0e8be1dcd9b224&bb=TfU2meRyTaXYpVr9T-M-HvShkb5TGOe4nGYE9dEaPtFI6R82UiNjjePWurMxkmyc&xkcb=SoDQ67M3H8zbZV2Nph0LbzkdCdPP&fccid=e62014af76452b53&cmp=HE-Global-Immigration-Consultancy-Ltd.&ti=Computer+Technician&vjs=3
27,Jr. Software Engineer in Test – axiUm,not given,not given,Henry Schein One,"Vancouver, BC",https://ca.indeed.com/rc/clk?jk=48e9720eaac2c58f&bb=TfU2meRyTaXW7W8mDr4fi1xs4bQMuI1IZG0cfGTiypi7XjA4DUwOD5ThJCeNAfZZ&xkcb=SoD567M3H8zbZV2Nph0JbzkdCdPP&fccid=24d4106b46dfd580&vjs=3
28,Software Development Engineer in Test Graduate (Trust and Safety) - 2024 Start (BS/MS),"102,400","163,200",TikTok,"Vancouver, BC",https://ca.indeed.com/rc/clk?jk=b58d4b8da0318b8f&bb=TfU2meRyTaX2u0j4qdmTCrmEVQZqj-TmbMtusuhyhMNtAnovl8hx8eXHdSzUI5Ue&xkcb=SoDD67M3H8zbZV2Nph0PbzkdCdPP&fccid=caed318a9335aac0&vjs=3
29,Software Engineer,"95,000","145,000",Arista Networks,"Vancouver, BC",https://ca.indeed.com/rc/clk?jk=7c07ef3036fe900c&bb=TfU2meRyTaWDhBoqLse_epW6PqdYgsBt45DYtZTzr2267p1yEs_PkAONjqwvt5qe&xkcb=SoDq67M3H8zbZV2Nph0NbzkdCdPP&fccid=da9c8368867819c9&vjs=3
30,Software Developer,47,50,EVACA,"Burnaby, BC",https://ca.indeed.com/rc/clk?jk=9201513dd5ce1b12&bb=SBTpo0UdGzIzfgCSwlMpRVcDZ-IKty9npqVC7DCeKoAF05ZMKY30RBwD68HGSY4l&xkcb=SoBw67M3H8za1m2NtJ0LbzkdCdPP&fccid=8c0cf9b247305ffd&cmp=EVACA&ti=Software+Engineer&vjs=3
31,Skype Senior Software Engineer,"104,000","193,200",Microsoft,"Vancouver, BC",https://ca.indeed.com/rc/clk?jk=ffbece740cbf3f14&bb=77_gCTB8I15B9OOlsx__49ekXdNU9HbRS9DIXdhx9KzRDNoLp7z4oKJa1INEaaKF&xkcb=SoDG67M3H8za1hWNtJ0LbzkdCdPP&fccid=734cb5a01ee60f80&vjs=3
32,Data Engineer - Ads Data,"136,800","205,000",TikTok,"Vancouver, BC",https://ca.indeed.com/rc/clk?jk=2bcf6d03839e85cd&bb=77_gCTB8I15XMyCYMpnTkWFsw6oM8y5VNGFP8aavh9o7MbVixhmz94KL9JStKcBR&xkcb=SoDv67M3H8za1hWNtJ0JbzkdCdPP&fccid=caed318a9335aac0&vjs=3
33,"Backend Software Engineer, Trust and Safety Engineering - 2024 Start(BS/MS)",not given,not given,TikTok,"Vancouver, BC",https://ca.indeed.com/rc/clk?jk=177d2fff3cbf264a&bb=77_gCTB8I143t-ZhDwfvj5a7M_XYUjgdepo9hDvHS3RpP8ayxFip72p1BFLGtId3&xkcb=SoDV67M3H8za1hWNtJ0PbzkdCdPP&fccid=caed318a9335aac0&vjs=3
34,"Software Development Engineer in Test - Trust and Safety, TikTok (Canada)","112,320","237,120",TikTok,"Vancouver, BC",https://ca.indeed.com/rc/clk?jk=4508e6c0ce97344f&bb=AMiJMhjmZSBX6rtTGubKGGsgW_Y5oGU3dp-vZeyozne1xixnxqudTNAuv4IO-4mu&xkcb=SoCD67M3H8za1h2NtJ0LbzkdCdPP&fccid=caed318a9335aac0&vjs=3
35,Senior Software Engineer,"104,000","193,200",Microsoft,"Vancouver, BC",https://ca.indeed.com/rc/clk?jk=7a70bcb5608c633b&bb=AMiJMhjmZSCwlJNcoA7OxPgXm3pXoMXLflDFwRvr8RHa-WOR_n1Gj68Cy_aNtP05&xkcb=SoCq67M3H8za1h2NtJ0JbzkdCdPP&fccid=734cb5a01ee60f80&vjs=3
36,"Software Engineer, Product","146,000","224,000",Asana,"Vancouver, BC",https://ca.indeed.com/rc/clk?jk=279fc3a94d329dd9&bb=AMiJMhjmZSDziPApty3AyVZS-AHznhNlm4MXVtIeKKTYXXsBX7DfE6qxYvTWyhSG&xkcb=SoCQ67M3H8za1h2NtJ0PbzkdCdPP&fccid=3a5192e8900e19bd&vjs=3
37,"Intern, Software Engineering",not given,not given,Analog Devices,"Vancouver, BC",https://ca.indeed.com/rc/clk?jk=508cd6577cbf5496&bb=AMiJMhjmZSD9taQ0N_gS1OvvC_7QVC9808DB2ziL4QuclSdeSIlyvjI46LOsd496&xkcb=SoC567M3H8za1h2NtJ0NbzkdCdPP&fccid=795688f508690d17&vjs=3
38,Software Developer,not given,not given,D2L,"Remote in Vancouver, BC",https://ca.indeed.com/rc/clk?jk=f0385d7ffce98fb5&bb=Ry8HENahncjk4KKMDAB7G90zVCFIaqQoh-8QAm9InAIh51qmSA61gG4jc5IZHjRr&xkcb=SoC567M3H8za1gWNtJ0KbzkdCdPP&fccid=7c3a25cdc8e47610&vjs=3
39,Applied Scientist,"79,600","153,000",Microsoft,"Vancouver, BC",https://ca.indeed.com/rc/clk?jk=ca6d87abd72d3c0c&bb=Ry8HENahncjQcUkw9e-sck8UmMUxujhf2sRx7DLKx8XtvqgmJtavBdAAkWpr6d5m&xkcb=SoCQ67M3H8za1gWNtJ0IbzkdCdPP&fccid=734cb5a01ee60f80&vjs=3
40,Senior Software Engineer - Frontend,"104,000","193,200",Microsoft,"Vancouver, BC",https://ca.indeed.com/rc/clk?jk=9b303bd8ea7d8c9a&bb=Ry8HENahnchdjTspjqK1dlGPq91J4gDjfCD2hwsOCwEnPw1pR0hsqvfjPSD9-S9d&xkcb=SoCq67M3H8za1gWNtJ0ObzkdCdPP&fccid=734cb5a01ee60f80&vjs=3
41,"Director, Product Analytics & Data Science","173,400","227,500",Lululemon,"Vancouver, BC",https://ca.indeed.com/rc/clk?jk=6e4fc04db929dd40&bb=Yn-c61Pd4yzBAnrqeMCncOxG0rd-Ts-Fgw6R9EMGXUu2oizfVrCBlwDEgu2g5Z5b&xkcb=SoBI67M3H8za1g2NtJ0LbzkdCdPP&fccid=43f0f7dbd55927e9&vjs=3
42,Staff Software Engineer - Digital Transaction,"141,000","185,000",Lululemon,"Vancouver, BC",https://ca.indeed.com/rc/clk?jk=364eabd58cc3185a&bb=Yn-c61Pd4yxu9ENJS55W1X8juM4byjIszRvCypRFtrYmFh-kJPePva-q6Y4jr-XT&xkcb=SoBh67M3H8za1g2NtJ0JbzkdCdPP&fccid=43f0f7dbd55927e9&vjs=3
43,Software Developer,"62,400","68,640",GOKABU TECHNOLOGIES,"Richmond, BC",https://ca.indeed.com/rc/clk?jk=8dc3c0f5f5ff5603&bb=Yn-c61Pd4ywAgzMxLrOC0hVDAhUSvpVZFc-faNRBMdyOI6L3r8yYefKihpmeCjdp&xkcb=SoBb67M3H8za1g2NtJ0PbzkdCdPP&fccid=1af9b19da9d648b0&vjs=3
44,"Software Engineer, TikTok Business Integrity","117,000","210,960",TikTok,"Vancouver, BC",https://ca.indeed.com/rc/clk?jk=573280da0a1b23d3&bb=xV-nuyWM1fOmzcAMr1eYd2dtB4Ys5IBKrPudfaAvfzP8k8VcYRbbEYzUe9Vr2k_H&xkcb=SoBy67M3H8za1g2NtJ0NbzkdCdPP&fccid=caed318a9335aac0&vjs=3
45,Software Developer Co-op Internship- Backend,not given,not given,Numerix,"Remote in Vancouver, BC",https://ca.indeed.com/rc/clk?jk=00a159f84ebfde9b&bb=AnMEf7YTfaZtgVN_bhX1Vgpv7SdOjo-sGMzSg6Q2U72g4j-Ruc4fphH1N9CzMvvC&xkcb=SoDw67M3H8zavZWfxp0JbzkdCdPP&fccid=bea74927fd353048&vjs=3
46,Junior Data Scientist,not given,not given,Theory and Practice,"Hybrid remote in Vancouver, BC",https://ca.indeed.com/rc/clk?jk=6270ac9a4cc5355e&bb=jbbMBhAQsSksu-blEmL0VDWKPZw4-xC41Xio4GHtaU0tmI6wUeFND7K_DelcQVH1&xkcb=SoAo67M3H8zavZ2fxp0KbzkdCdPP&fccid=a503b36b0698d3d5&vjs=3
47,Software Engineer,not given,not given,Imperva,"Vancouver, BC",https://ca.indeed.com/rc/clk?jk=944bfd17e26bf4ff&bb=II2mtc7dg0AkH8C9JAnkW5RoOF6bZPmZ5Gfurknjh7_FkKX1U0aJ5A4np5xSOT9o&xkcb=SoAS67M3H8zavYWfxp0LbzkdCdPP&fccid=a83aa9033316475b&vjs=3
48,"Manager, Software Development Engineering","120,000","180,000",Workday,"Vancouver, BC",https://ca.indeed.com/rc/clk?jk=0e09d5d4109851af&bb=II2mtc7dg0A76B-OAHTvF3TB7mV88uE1GEqesfJUQzGwBY-QaxqP4iRhKxGTbPKT&xkcb=SoA767M3H8zavYWfxp0JbzkdCdPP&fccid=9ac45d217f8342a1&vjs=3
49,Backend Software Engineer,not given,not given,ActiveState,"Remote in Vancouver, BC",https://ca.indeed.com/rc/clk?jk=0e48809d1ece6b60&bb=ta0uHp-F5ogjk54Ybunv1m0AAMsEK7_xmX6uUrrt2zrytluRYTwGw1FmqH9wcSuF&xkcb=SoAB67M3H8zavYWfxp0PbzkdCdPP&fccid=c7e2845bd1feaf62&vjs=3
50,Senior Software Development Engineer in Test (SDET),"80,000","90,000",Eventbase,"Remote in Vancouver, BC",https://ca.indeed.com/rc/clk?jk=c2a12fcda4ad2f3c&bb=ta0uHp-F5oj_LkRabb9j22ErO8ZcfgnndoGs0Y2yibN5cbE19a4AylTS3iOY9D8G&xkcb=SoDK67M3H8zavY2fxp0IbzkdCdPP&fccid=ae6e5e3426c2cfcb&vjs=3
51,Software Quality Assurance Analyst - FTT,"7,255","8,725",TransLink,"Metro Vancouver Regional District, BC",https://ca.indeed.com/rc/clk?jk=a84d1a195d71e52d&bb=X7655DoEDCxmEi5hHCG0oYlklPoZ9duurvnACxiTcH2zcdH0irnc2xkZfaV9waLl&xkcb=SoDw67M3H8zavY2fxp0ObzkdCdPP&fccid=966bd00de3e8ab9d&vjs=3
52,Full Stack Developer,"50,000","70,000",ANANA Properties Inc.,"Remote in Vancouver, BC",https://ca.indeed.com/rc/clk?jk=f07e4922fd7973f4&bb=X7655DoEDCykfqOCNtIIR_XpoJZsc9NO04YkCEO1zElhSZZWEtnKhwZ6tCfWXtHf&xkcb=SoC667M3H8zavbWfxp0KbzkdCdPP&fccid=c2a50738c17c2324&cmp=ANANA-Properties-Inc.&ti=Full+Stack+Developer&vjs=3
53,Software Design Engineer,"50,000","70,000",ATEN Canada Technologies Inc.,"Richmond, BC",https://ca.indeed.com/rc/clk?jk=c91cc4e86dd7443c&bb=PVzjnMgpPAEQlhR2HbHR6idPch7PQbPj3TCr6FPfw1pgIQzKuDGBZ8T0eYhH2w0Q&xkcb=SoD_67M3H8zavb2fxp0KbzkdCdPP&fccid=d9752c3870b5ab91&cmp=ATEN-Canada-Technologies-Inc.&ti=User+Experience+Designer&vjs=3
54,Business Intelligence Engineer,16.66,none,To Nature,"Richmond, BC",https://ca.indeed.com/rc/clk?jk=27f5d868e5afcbfb&bb=Dx4q5Ig3P2zX6xhb-ze_CluGAvRIFEEcAZ075kbtvdBupnDH9ZAXlVotNW38TNlj&xkcb=SoBx67M3H8zavaWfxp0KbzkdCdPP&fccid=a16aba7167ba1313&cmp=To-Nature&ti=Business+Intelligence+Developer&vjs=3
55,Sr Associate Software Application Engineer,"81,600","122,400",Workday,"Vancouver, BC",https://ca.indeed.com/rc/clk?jk=f11cf3700b7a0e19&bb=Dx4q5Ig3P2w_RrtsJwI_r1QCPyWLibXQ8Etf-ZUklUgDJwng6C8eaFcrIWzr1MBn&xkcb=SoBY67M3H8zavaWfxp0IbzkdCdPP&fccid=9ac45d217f8342a1&vjs=3
56,Machine Learning Engineer Graduate (Monetization Technology- Business Integrity)- 2024 Start (BS/MS/PhD),"144,000","208,000",TikTok,"Vancouver, BC",https://ca.indeed.com/rc/clk?jk=43fddf0377e9e7ba&bb=zVfOt0srL92iHo675kRaRqfdJ3MVcdCu8GJ-rFl-VISm6JVQD86qA2mZ-zfW751g&xkcb=SoCA67M3H8zava2fxp0LbzkdCdPP&fccid=caed318a9335aac0&vjs=3
57,Support Engineer,"75,000","85,000",VoPay International Inc.,"Vancouver, BC",https://ca.indeed.com/rc/clk?jk=c8ba2951045d477d&bb=zVfOt0srL91AaHtmQEdgwCPpBixgx2eNqyCpch26Xxm-Qmyb4zgi0kQgtFD7oMl9&xkcb=SoCp67M3H8zava2fxp0JbzkdCdPP&fccid=8fc411329a3ec92c&cmp=VoPay-International-Inc.&ti=Support+Engineer&vjs=3
58,"General Backend Software Engineer - Trust and Safety, TikTok (Canada)","92,160","210,960",TikTok,"Vancouver, BC",https://ca.indeed.com/rc/clk?jk=7a739f2f03b836b1&bb=zVfOt0srL91e3kaS9QSZ_2TOR_Uh3AKXuXnZ4TRp56LYjq9ZGthuajgRgpqPDIMw&xkcb=SoCT67M3H8zava2fxp0PbzkdCdPP&fccid=caed318a9335aac0&vjs=3
59,Systems Analyst I,"67,500","82,500",Seaspan ULC,"Hybrid remote in North Vancouver, BC",https://ca.indeed.com/rc/clk?jk=959255897dfb26b9&bb=277kSQlKYEYvgCtUpXzEQAqXjJGYPyZBr3WIFvSib8SlF3AphPIilTOzyU5UXcDu&xkcb=SoDG67M3H8zavFWfxp0LbzkdCdPP&fccid=39e239a7200df342&vjs=3
60,Machine Learning Engineer Graduate (Monetization Technology- Business Integrity)- 2024 Start (BS/MS/PhD),"144,000","208,000",TikTok,"Vancouver, BC",https://ca.indeed.com/rc/clk?jk=43fddf0377e9e7ba&bb=f3yDswO07bUB4JkFwXrsuoc4rb2-VF0kkZL1CxBihjzIhLLkdzb0QA9c0mrFVUiA&xkcb=SoAe67M3H8zaEWzeqx0LbzkdCdPP&fccid=caed318a9335aac0&vjs=3
61,Systems Analyst I,"67,500","82,500",Seaspan ULC,"Hybrid remote in North Vancouver, BC",https://ca.indeed.com/rc/clk?jk=959255897dfb26b9&bb=f3yDswO07bUYY1lMCgMcwwRD0BFy4C0uwVSORm2Dh6X7anTmLhnH_4CddGfm9tzg&xkcb=SoC567M3H8zaEWzeqx0ObzkdCdPP&fccid=39e239a7200df342&vjs=3
62,"General Backend Software Engineer - Trust and Safety, TikTok (Canada)","92,160","210,960",TikTok,"Vancouver, BC",https://ca.indeed.com/rc/clk?jk=7a739f2f03b836b1&bb=ZvS1uezHJH8TveGdWlx38A2m5nXuimll7Yc6Pz_P3y38gbwp_-WUk9-vRQXV24L7&xkcb=SoCo67M3H8zaERTeqx0LbzkdCdPP&fccid=caed318a9335aac0&vjs=3
63,Application Developer,"80,718.42","93,540.00",BC Housing,"Hybrid remote in Burnaby, BC",https://ca.indeed.com/rc/clk?jk=4bef2babb984d243&bb=ZvS1uezHJH_ieQm3jjwpTc1iTMJWaWtDFuWCi7JfooglrUyV-syOjoNq33MCezQW&xkcb=SoCB67M3H8zaERTeqx0JbzkdCdPP&fccid=2b4efe4b5b373b98&vjs=3
64,Tools Programmer - Xbox Games Technology Group - The Coalition,"79,600","153,000",Microsoft,"Vancouver, BC",https://ca.indeed.com/rc/clk?jk=4f209ac09ea88e9b&bb=ZvS1uezHJH-7xrIvLVB87-OxwPTtdjljjd3CeA-WFKUnE8EVQSd8OO-MHc3cenWP&xkcb=SoC767M3H8zaERTeqx0PbzkdCdPP&fccid=734cb5a01ee60f80&vjs=3
65,software developer,"50,000","60,000",Dolphin Enterprises Ltd,"Vancouver, BC",https://ca.indeed.com/rc/clk?jk=26895b0cc9a0317c&bb=ZvS1uezHJH-8VgZLMoXdc8Z0TKKhvUS_iZMSvdWgzahosnaJb3nArrrIbcwp4GgC&xkcb=SoCS67M3H8zaERTeqx0NbzkdCdPP&fccid=ce8f53efb71c7e73&vjs=3
66,Machine Learning Engineer,"100,000","130,000",Theory and Practice,"Hybrid remote in Vancouver, BC",https://ca.indeed.com/rc/clk?jk=056869b97c4b5960&bb=f4Ra5cOidWAd_s4w5AeFXM8hU2NrGJHIR9UeXXsGUr9dc2E2u1OEGjfxyeP3Aj7X&xkcb=SoBZ67M3H8zaERzeqx0KbzkdCdPP&fccid=a503b36b0698d3d5&vjs=3
67,Systems Administrator,44.87,none,PHSA,"Vancouver, BC",https://ca.indeed.com/rc/clk?jk=d6d9acbe5e5a2e8b&bb=f4Ra5cOidWDDhVb01Uyg2qLM6Bmcmp4GsQgc1bdw26p7sz81Xp_GO1uMV6UTS2A5&xkcb=SoD-67M3H8zaERzeqx0PbzkdCdPP&fccid=f66f721a44de3765&vjs=3
68,IT - Network Analyst,"60,008",none,Northland Properties,"Vancouver, BC",https://ca.indeed.com/rc/clk?jk=43277718bcca8338&bb=ETarEN-S2UZv3n63Tse4-1w7OvulMHFVRXwjRkKcZyeNO0L0ELcUw-nPEEtReId7&xkcb=SoDX67M3H8zaEQTeqx0KbzkdCdPP&fccid=cd97cfb1d29739ad&vjs=3
69,Full Stack Developer,"70,000","100,000",Freshslice Pizza,"Burnaby, BC",https://ca.indeed.com/rc/clk?jk=ea1b07e05dc74f29&bb=ETarEN-S2UaaX2lN3Xn1awqkfBzG1Ucx7aqizG4W991s3dQfhpPb2RNxPN6uzt-1&xkcb=SoD-67M3H8zaEQTeqx0IbzkdCdPP&fccid=353a1b0a0c9d971d&cmp=Freshslice-Pizza&ti=Full+Stack+Developer&vjs=3
70,Machine Learning Engineer,"80,000",none,Sunia Technology Inc.,"Burnaby, BC",https://ca.indeed.com/rc/clk?jk=cf982e11cc1db1cb&bb=9hkSa5qlxEHQ985qL6JKDG4QLfC96iMJRX9cIrKlzx5aiiwDQ-S4FqBnwr4ArYOF&xkcb=SoAm67M3H8zaEQzeqx0LbzkdCdPP&fccid=986a2596741790df&cmp=Sunia-Technology-Inc.&ti=Machine+Learning+Engineer&vjs=3
71,Co-op Software Developer,not given,not given,Rise People Inc.,"Burnaby, BC",https://ca.indeed.com/rc/clk?jk=45dc961eb22ff87d&bb=9hkSa5qlxEF4l7kilQAXcLGltrPLHDCkOoLAIMdm4oMXJ3LImlXDM8IkDXZexoYQ&xkcb=SoAP67M3H8zaEQzeqx0JbzkdCdPP&fccid=651fa4a0e97e35c4&vjs=3
72,Software Development Analyst - FTT,"7,255","8,725",TransLink,"Metro Vancouver Regional District, BC",https://ca.indeed.com/rc/clk?jk=decf25faf138d71d&bb=9hkSa5qlxEEzDd3PdAoXEqThyHox216_zahFxfQvFqfYTHfpXfYkk-KJeZNYOrfB&xkcb=SoA167M3H8zaEQzeqx0PbzkdCdPP&fccid=966bd00de3e8ab9d&vjs=3
73,Machine Learning Engineer - TikTok Business Integrity,"117,000","210,960",TikTok,"Vancouver, BC",https://ca.indeed.com/rc/clk?jk=27484a4ff30084ac&bb=Y34To1e7rgT0CPeEhQc5VU_Mj9PQJ_E_Q226Nqp8zGI61i6WVklhvK6Qzfe87YG0&xkcb=SoDL67M3H8zaETTeqx0KbzkdCdPP&fccid=caed318a9335aac0&vjs=3
74,IT Analyst,"50,000","80,000",QM Environmental,"Delta, BC",https://ca.indeed.com/rc/clk?jk=47c0a1860a4a1a8a&bb=Y34To1e7rgTvwwZm_PMrz8fuwKL4hOQahr_aA3SgihIcrKKo2XyVFkIfxoW0I1gm&xkcb=SoBs67M3H8zaETTeqx0PbzkdCdPP&fccid=b3dc919e16c3a4e7&cmp=QM-Environmental&ti=IT+Analyst&vjs=3